-- MIASTO
insert into Miasto (Id_miasto, Nazwa) VALUES (1,'Szczecin');
insert into Miasto (Id_miasto, Nazwa) VALUES (2,'Gdańsk');
insert into Miasto (Id_miasto, Nazwa) VALUES (3,'Warszawa');
insert into Miasto (Id_miasto, Nazwa) VALUES (4,'Kraków');
insert into Miasto (Id_miasto, Nazwa) VALUES (5,'Łódź');
insert into Miasto (Id_miasto, Nazwa) VALUES (6,'Wrocław');
insert into Miasto (Id_miasto, Nazwa) VALUES (7,'Poznań');
insert into Miasto (Id_miasto, Nazwa) VALUES (8,'Lublin');
insert into Miasto (Id_miasto, Nazwa) VALUES (9,'Białystok');
insert into Miasto (Id_miasto, Nazwa) VALUES (10,'Rzeszów');

-- ADRES
insert into Adres (Id_adres, Ulica, Nr_budynku, Kod_pocztowy, Id_miasto) values (1, 'David', 43, '64-479', 10);
insert into Adres (Id_adres, Ulica, Nr_budynku, Kod_pocztowy, Id_miasto) values (2, 'Meadow Vale', 14, '53-423', 6);
insert into Adres (Id_adres, Ulica, Nr_budynku, Kod_pocztowy, Id_miasto) values (3, 'Anderson', 37, '17-628', 2);
insert into Adres (Id_adres, Ulica, Nr_budynku, Kod_pocztowy, Id_miasto) values (4, 'Heffernan', 145, '19-194', 5);
insert into Adres (Id_adres, Ulica, Nr_budynku, Kod_pocztowy, Id_miasto) values (5, 'Kings', 70, '67-670', 5);
insert into Adres (Id_adres, Ulica, Nr_budynku, Kod_pocztowy, Id_miasto) values (6, 'Morningstar', 183, '67-944', 1);
insert into Adres (Id_adres, Ulica, Nr_budynku, Kod_pocztowy, Id_miasto) values (7, 'Hoepker', 92, '10-383', 8);
insert into Adres (Id_adres, Ulica, Nr_budynku, Kod_pocztowy, Id_miasto) values (8, 'Summit', 99, '58-634', 8);
insert into Adres (Id_adres, Ulica, Nr_budynku, Kod_pocztowy, Id_miasto) values (9, 'Anzinger', 13, '79-182', 10);
insert into Adres (Id_adres, Ulica, Nr_budynku, Kod_pocztowy, Id_miasto) values (10, 'High Crossing', 167, '34-748', 10);
insert into Adres (Id_adres, Ulica, Nr_budynku, Kod_pocztowy, Id_miasto) values (11, 'Pine View', 126, '54-626', 7);
insert into Adres (Id_adres, Ulica, Nr_budynku, Kod_pocztowy, Id_miasto) values (12, 'Bultman', 176, '83-646', 3);
insert into Adres (Id_adres, Ulica, Nr_budynku, Kod_pocztowy, Id_miasto) values (13, 'Straubel', 55, '14-589', 4);
insert into Adres (Id_adres, Ulica, Nr_budynku, Kod_pocztowy, Id_miasto) values (14, 'Vernon', 77, '41-455', 9);
insert into Adres (Id_adres, Ulica, Nr_budynku, Kod_pocztowy, Id_miasto) values (15, 'Knutson', 119, '80-044', 6);
insert into Adres (Id_adres, Ulica, Nr_budynku, Kod_pocztowy, Id_miasto) values (16, 'Jenna', 30,'51-119', 7);
insert into Adres (Id_adres, Ulica, Nr_budynku, Kod_pocztowy, Id_miasto) values (17, 'Melby', 54, '51-652', 3);
insert into Adres (Id_adres, Ulica, Nr_budynku, Kod_pocztowy, Id_miasto) values (18, 'Sachs', 174, '23-945', 2);
insert into Adres (Id_adres, Ulica, Nr_budynku, Kod_pocztowy, Id_miasto) values (19, 'Magdeline', 157, '99-117', 7);
insert into Adres (Id_adres, Ulica, Nr_budynku, Kod_pocztowy, Id_miasto) values (20, 'Del Mar', 53, '50-824', 9);
insert into Adres (Id_adres, Ulica, Nr_budynku, Kod_pocztowy, Id_miasto) values (21, 'Oak Valley', 109, '87-883', 8);
insert into Adres (Id_adres, Ulica, Nr_budynku, Kod_pocztowy, Id_miasto) values (22, 'Bartelt', 64, '73-760', 3);
insert into Adres (Id_adres, Ulica, Nr_budynku, Kod_pocztowy, Id_miasto) values (23, '1st', 151, '82-727', 3);
insert into Adres (Id_adres, Ulica, Nr_budynku, Kod_pocztowy, Id_miasto) values (24, 'Monument', 9, '48-586', 9);
insert into Adres (Id_adres, Ulica, Nr_budynku, Kod_pocztowy, Id_miasto) values (25, 'Badeau', 84, '72-879', 6);
insert into Adres (Id_adres, Ulica, Nr_budynku, Kod_pocztowy, Id_miasto) values (26, 'Pierstorff', 86, '73-636', 2);
insert into Adres (Id_adres, Ulica, Nr_budynku, Kod_pocztowy, Id_miasto) values (27, 'Esch', 19, '53-059', 3);
insert into Adres (Id_adres, Ulica, Nr_budynku, Kod_pocztowy, Id_miasto) values (28, 'Ramsey', 11, '65-024', 3);
insert into Adres (Id_adres, Ulica, Nr_budynku, Kod_pocztowy, Id_miasto) values (29, 'Eagle Crest', 132, '74-344', 10);
insert into Adres (Id_adres, Ulica, Nr_budynku, Kod_pocztowy, Id_miasto) values (30, 'Merrick', 111, '91-765', 7);
insert into Adres (Id_adres, Ulica, Nr_budynku, Kod_pocztowy, Id_miasto) values (31, 'Magdeline', 8, '12-788', 7);
insert into Adres (Id_adres, Ulica, Nr_budynku, Kod_pocztowy, Id_miasto) values (32, '1st', 151, '37-453', 3);
insert into Adres (Id_adres, Ulica, Nr_budynku, Kod_pocztowy, Id_miasto) values (33, 'Badeau', 84, '77-837', 6);
insert into Adres (Id_adres, Ulica, Nr_budynku, Kod_pocztowy, Id_miasto) values (34, 'Messerschmidt', 41, '80-721', 5);
insert into Adres (Id_adres, Ulica, Nr_budynku, Kod_pocztowy, Id_miasto) values (35, 'Del Mar', 87, '19-241', 3);
insert into Adres (Id_adres, Ulica, Nr_budynku, Kod_pocztowy, Id_miasto) values (36, 'Sunbrook', 117, '25-448', 8);
insert into Adres (Id_adres, Ulica, Nr_budynku, Kod_pocztowy, Id_miasto) values (37, 'Hermina', 198, '77-747', 7);
insert into Adres (Id_adres, Ulica, Nr_budynku, Kod_pocztowy, Id_miasto) values (38, 'Montana', 47, '16-320', 8);
insert into Adres (Id_adres, Ulica, Nr_budynku, Kod_pocztowy, Id_miasto) values (39, 'Sloan', 163, '50-769', 1);
insert into Adres (Id_adres, Ulica, Nr_budynku, Kod_pocztowy, Id_miasto) values (40, 'Waxwing', 38, '43-219', 3);
insert into Adres (Id_adres, Ulica, Nr_budynku, Kod_pocztowy, Id_miasto) values (41, 'Maywood', 57, '98-961', 9);
insert into Adres (Id_adres, Ulica, Nr_budynku, Kod_pocztowy, Id_miasto) values (42, 'Darwin', 33, '67-975', 2);
insert into Adres (Id_adres, Ulica, Nr_budynku, Kod_pocztowy, Id_miasto) values (43, 'Stuart', 55, '63-749', 4);
insert into Adres (Id_adres, Ulica, Nr_budynku, Kod_pocztowy, Id_miasto) values (44, 'Westerfield', 57, '54-015', 6);
insert into Adres (Id_adres, Ulica, Nr_budynku, Kod_pocztowy, Id_miasto) values (45, 'Farwell', 63, '48-913', 10);
insert into Adres (Id_adres, Ulica, Nr_budynku, Kod_pocztowy, Id_miasto) values (46, 'Oakridge', 162, '77-479', 10);
insert into Adres (Id_adres, Ulica, Nr_budynku, Kod_pocztowy, Id_miasto) values (47, 'Brickson Park', 6, '82-972', 2);
insert into Adres (Id_adres, Ulica, Nr_budynku, Kod_pocztowy, Id_miasto) values (48, 'Sutherland', 28, '19-876', 3);
insert into Adres (Id_adres, Ulica, Nr_budynku, Kod_pocztowy, Id_miasto) values (49, 'Sutherland', 28, '14-448', 3);
insert into Adres (Id_adres, Ulica, Nr_budynku, Kod_pocztowy, Id_miasto) values (50, 'Sutherland', 28, '79-785', 3);


-- KONTAKT
insert into Kontakt (Id_kontakt, Nr_telefonu, Adres_email) values (1, 310146618, 'nzimmermanns0@google.co.uk');
insert into Kontakt (Id_kontakt, Nr_telefonu, Adres_email) values (2, 611205492, 'gbartalucci1@bbb.org');
insert into Kontakt (Id_kontakt, Nr_telefonu, Adres_email) values (3, 289944330, 'rjosipovic2@nationalgeographic.com');
insert into Kontakt (Id_kontakt, Nr_telefonu, Adres_email) values (4, 237329988, 'nwelton3@over-blog.com');
insert into Kontakt (Id_kontakt, Nr_telefonu, Adres_email) values (5, 309790060, 'cambrogetti4@simplemachines.org');
insert into Kontakt (Id_kontakt, Nr_telefonu, Adres_email) values (6, 452268109, 'uchimenti5@diigo.com');
insert into Kontakt (Id_kontakt, Nr_telefonu, Adres_email) values (7, 153290515, 'rbarras6@jiathis.com');
insert into Kontakt (Id_kontakt, Nr_telefonu, Adres_email) values (8, 227151170, 'halvin7@msu.edu');
insert into Kontakt (Id_kontakt, Nr_telefonu, Adres_email) values (9, 365193925, 'emcgivena8@globo.com');
insert into Kontakt (Id_kontakt, Nr_telefonu, Adres_email) values (10, 177295407, 'lbispham9@amazon.co.uk');
insert into Kontakt (Id_kontakt, Nr_telefonu, Adres_email) values (11, 517635370, 'dalderwicka@meetup.com');
insert into Kontakt (Id_kontakt, Nr_telefonu, Adres_email) values (12, 323595012, 'wdenidgeb@uiuc.edu');
insert into Kontakt (Id_kontakt, Nr_telefonu, Adres_email) values (13, 385409071, 'cthorsbyc@blogspot.com');
insert into Kontakt (Id_kontakt, Nr_telefonu, Adres_email) values (14, 172829165, 'hizakovd@archive.org');
insert into Kontakt (Id_kontakt, Nr_telefonu, Adres_email) values (15, 753457329, 'vdougane@blogs.com');
insert into Kontakt (Id_kontakt, Nr_telefonu, Adres_email) values (16, 875786712, 'spinchf@ovh.net');
insert into Kontakt (Id_kontakt, Nr_telefonu, Adres_email) values (17, 421625332, 'dansettg@reference.com');
insert into Kontakt (Id_kontakt, Nr_telefonu, Adres_email) values (18, 700954613, 'mhawkyensh@ca.gov');
insert into Kontakt (Id_kontakt, Nr_telefonu, Adres_email) values (19, 520070897, 'onyssensi@prweb.com');
insert into Kontakt (Id_kontakt, Nr_telefonu, Adres_email) values (20, 449737257, 'jbalstonej@eventbrite.com');
insert into Kontakt (Id_kontakt, Nr_telefonu, Adres_email) values (21, 170000231, 'hmcpheatk@gnu.org');
insert into Kontakt (Id_kontakt, Nr_telefonu, Adres_email) values (22, 975772660, 'sbeggil@t.co');
insert into Kontakt (Id_kontakt, Nr_telefonu, Adres_email) values (23, 485960824, 'gkirszm@phoca.cz');
insert into Kontakt (Id_kontakt, Nr_telefonu, Adres_email) values (24, 256097944, 'chinchamn@gravatar.com');
insert into Kontakt (Id_kontakt, Nr_telefonu, Adres_email) values (25, 584275062, 'tgaddesbyo@thetimes.co.uk');
insert into Kontakt (Id_kontakt, Nr_telefonu, Adres_email) values (26, 325136952, 'gcrellinp@google.co.jp');
insert into Kontakt (Id_kontakt, Nr_telefonu, Adres_email) values (27, 564204278, 'wtesimonq@odnoklassniki.ru');
insert into Kontakt (Id_kontakt, Nr_telefonu, Adres_email) values (28, 793925162, 'gcoilsr@infoseek.co.jp');
insert into Kontakt (Id_kontakt, Nr_telefonu, Adres_email) values (29, 735615099, 'rberries@webmd.com');
insert into Kontakt (Id_kontakt, Nr_telefonu, Adres_email) values (30, 371335169, 'rmclernont@usnews.com');
insert into Kontakt (Id_kontakt, Nr_telefonu, Adres_email) values (31, 737876080, 'cbrabenderu@sakura.ne.jp');
insert into Kontakt (Id_kontakt, Nr_telefonu, Adres_email) values (32, 496323145, 'esandhamv@netscape.com');
insert into Kontakt (Id_kontakt, Nr_telefonu, Adres_email) values (33, 324375991, 'droseboroughw@boston.com');
insert into Kontakt (Id_kontakt, Nr_telefonu, Adres_email) values (34, 209249334, 'lorumx@harvard.edu');
insert into Kontakt (Id_kontakt, Nr_telefonu, Adres_email) values (35, 302974568, 'mingolottiy@reuters.com');
insert into Kontakt (Id_kontakt, Nr_telefonu, Adres_email) values (36, 305645325, 'kparradinez@csmonitor.com');
insert into Kontakt (Id_kontakt, Nr_telefonu, Adres_email) values (37, 162411542, 'lmasham10@privacy.gov.au');
insert into Kontakt (Id_kontakt, Nr_telefonu, Adres_email) values (38, 461492321, 'ttarney11@cnet.com');
insert into Kontakt (Id_kontakt, Nr_telefonu, Adres_email) values (39, 500927933, 'bcunrado12@gizmodo.com');
insert into Kontakt (Id_kontakt, Nr_telefonu, Adres_email) values (40, 358745137, 'skliemann13@sogou.com');
insert into Kontakt (Id_kontakt, Nr_telefonu, Adres_email) values (41, 121955882, 'wmacneish14@goo.gl');
insert into Kontakt (Id_kontakt, Nr_telefonu, Adres_email) values (42, 892577239, 'ttelega15@geocities.com');
insert into Kontakt (Id_kontakt, Nr_telefonu, Adres_email) values (43, 237367700, 'oorodane16@state.tx.us');
insert into Kontakt (Id_kontakt, Nr_telefonu, Adres_email) values (44, 720951267, 'fpickaver17@cafepress.com');
insert into Kontakt (Id_kontakt, Nr_telefonu, Adres_email) values (45, 930678780, 'sownsworth18@buzzfeed.com');
insert into Kontakt (Id_kontakt, Nr_telefonu, Adres_email) values (46, 645328980, 'ewheldon19@jigsy.com');
insert into Kontakt (Id_kontakt, Nr_telefonu, Adres_email) values (47, 633280501, 'tvarren1a@zdnet.com');
insert into Kontakt (Id_kontakt, Nr_telefonu, Adres_email) values (48, 123456789, 'kontakt.warszawa@zagadka.pl');
insert into Kontakt (Id_kontakt, Nr_telefonu, Adres_email) values (49, 987654321, 'kontakt.gdansk@zagadka.pl');
insert into Kontakt (Id_kontakt, Nr_telefonu, Adres_email) values (50, 456789123, 'kontakt.poznan@zagadka.pl');


-- ESCAPE ROOM
insert into Escape_room (Id_escape_room, Nazwa, Id_adres, Id_kontakt) VALUES (1,'Escape Room Warszawa',33,48);
insert into Escape_room (Id_escape_room, Nazwa, Id_adres, Id_kontakt) VALUES (2,'Escape Room Gdańsk',40,49);
insert into Escape_room (Id_escape_room, Nazwa, Id_adres, Id_kontakt) VALUES (3,'Escape Room Poznań',6,50);

-- PRACOWNIK
insert into Pracownik (Id_pracownik,Imie,Nazwisko,Id_kontakt,Id_adres,Id_escape_room) VALUES (1,'Jan','Kowalski',9,2,2);
insert into Pracownik (Id_pracownik,Imie,Nazwisko,Id_kontakt,Id_adres,Id_escape_room) VALUES (2,'Anna','Nowak',6,7,3);
insert into Pracownik (Id_pracownik,Imie,Nazwisko,Id_kontakt,Id_adres,Id_escape_room) VALUES (3,'Piotr','Wiśniewski',7,8,1);
insert into Pracownik (Id_pracownik,Imie,Nazwisko,Id_kontakt,Id_adres,Id_escape_room) VALUES (4,'Katarzyna','Wójcik',8,9,1);
insert into Pracownik (Id_pracownik,Imie,Nazwisko,Id_kontakt,Id_adres,Id_escape_room) VALUES (5,'Tomasz','Kaczmarek',11,5,3);
insert into Pracownik (Id_pracownik,Imie,Nazwisko,Id_kontakt,Id_adres,Id_escape_room) VALUES (6,'Ewa','Zielińska',10,10,2);
insert into Pracownik (Id_pracownik,Imie,Nazwisko,Id_kontakt,Id_adres,Id_escape_room) VALUES (7,'Marek','Szymański',12,3,2);
insert into Pracownik (Id_pracownik,Imie,Nazwisko,Id_kontakt,Id_adres,Id_escape_room) VALUES (8,'Agnieszka','Lewandowska',5,4,3);
insert into Pracownik (Id_pracownik,Imie,Nazwisko,Id_kontakt,Id_adres,Id_escape_room) VALUES (9,'Łukasz','Dąbrowski',4,10,1);
insert into Pracownik (Id_pracownik,Imie,Nazwisko,Id_kontakt,Id_adres,Id_escape_room) VALUES (10,'Monika','Kowalczyk',13,6,2);

-- POKOJ (POPRAWIONE NAZWY <=16 ZNAKÓW)
insert into Pokoj (Id_pokoj, Id_escape_room, Nazwa,Tematyka, Poziom_trudnosci, Max_liczba_graczy, Czas, Cena) VALUES (1,2,'Mroczna Komnata','Horror',4,6,'01:00:00',120.00);
insert into Pokoj (Id_pokoj, Id_escape_room, Nazwa,Tematyka, Poziom_trudnosci, Max_liczba_graczy, Czas, Cena) VALUES (2,1,'Zaginiony Skarb','Przygodowa',3,5,'01:30:00',150.00);
insert into Pokoj (Id_pokoj, Id_escape_room, Nazwa,Tematyka, Poziom_trudnosci, Max_liczba_graczy, Czas, Cena) VALUES (3,2,'Tajemn. Zamek','Fantasy',5,4,'01:00:00',200.00);
insert into Pokoj (Id_pokoj, Id_escape_room, Nazwa,Tematyka, Poziom_trudnosci, Max_liczba_graczy, Czas, Cena) VALUES (4,2,'Labor. Nauk','Sci-fi',4,6,'01:30:00',180.00);
insert into Pokoj (Id_pokoj, Id_escape_room, Nazwa,Tematyka, Poziom_trudnosci, Max_liczba_graczy, Czas, Cena) VALUES (5,3,'Piratów Wyspa','Przygodowa',3,5,'01:00:00',130.00);
insert into Pokoj (Id_pokoj, Id_escape_room, Nazwa,Tematyka, Poziom_trudnosci, Max_liczba_graczy, Czas, Cena) VALUES (6,1,'Złowieszczy Las','Horror',4,6,'01:30:00',160.00);
insert into Pokoj (Id_pokoj, Id_escape_room, Nazwa,Tematyka, Poziom_trudnosci, Max_liczba_graczy, Czas, Cena) VALUES (7,3,'Kosmiczna Stacja','Sci-fi',5,4,'01:00:00',240.00);
insert into Pokoj (Id_pokoj, Id_escape_room, Nazwa,Tematyka, Poziom_trudnosci, Max_liczba_graczy, Czas, Cena) VALUES (8,3,'Zaginione Miasto','Fantasy',4,6,'01:30:00',190.00);
insert into Pokoj (Id_pokoj, Id_escape_room, Nazwa,Tematyka, Poziom_trudnosci, Max_liczba_graczy, Czas, Cena) VALUES (9,2,'Tajemn. Piram','Przygodowa',3,5,'01:00:00',140.00);
insert into Pokoj (Id_pokoj, Id_escape_room, Nazwa,Tematyka, Poziom_trudnosci, Max_liczba_graczy, Czas, Cena) VALUES (10,1,'Złow. Cmentarz','Horror',4,6,'01:30:00',170.00);
insert into Pokoj (Id_pokoj, Id_escape_room, Nazwa,Tematyka, Poziom_trudnosci, Max_liczba_graczy, Czas, Cena) VALUES (11,1, 'Mroczna Komnata 2', 'Horror', 5, 6, '01:30:00', 150.00);
insert into Pokoj (Id_pokoj, Id_escape_room, Nazwa,Tematyka, Poziom_trudnosci, Max_liczba_graczy, Czas, Cena) VALUES (12,3, 'Zaginiony Skarb 2', 'Przygodowa', 4, 5, '01:00:00', 170.00);
insert into Pokoj (Id_pokoj, Id_escape_room, Nazwa,Tematyka, Poziom_trudnosci, Max_liczba_graczy, Czas, Cena) VALUES (13,2, 'Tajemniczy Zamek 2', 'Fantasy', 5, 4, '01:30:00', 220.00);
insert into Pokoj (Id_pokoj, Id_escape_room, Nazwa,Tematyka, Poziom_trudnosci, Max_liczba_graczy, Czas, Cena) VALUES (17,3, 'Kosmiczna Stacja 2', 'Sci-fi', 5, 4, '01:30:00', 250.00);


-- KLIENT
insert into Klient (Id_klient, Imie, Nazwisko, Id_kontakt, Wizyty, Czy_znizka) VALUES (1,'Adam','Nowak',17,2,false);
insert into Klient (Id_klient, Imie, Nazwisko, Id_kontakt, Wizyty, Czy_znizka) VALUES (2,'Ewa','Kowalska',14,4,true);
insert into Klient (Id_klient, Imie, Nazwisko, Id_kontakt, Wizyty, Czy_znizka) VALUES (3,'Michał','Wiśniewski',15,1,false);
insert into Klient (Id_klient, Imie, Nazwisko, Id_kontakt, Wizyty, Czy_znizka) VALUES (4,'Katarzyna','Wójcik',20,5,true);
insert into Klient (Id_klient, Imie, Nazwisko, Id_kontakt, Wizyty, Czy_znizka) VALUES (5,'Tomasz','Kaczmarek',16,3,true);
insert into Klient (Id_klient, Imie, Nazwisko, Id_kontakt, Wizyty, Czy_znizka) VALUES (6,'Anna','Zielińska',18,0,false);
insert into Klient (Id_klient, Imie, Nazwisko, Id_kontakt, Wizyty, Czy_znizka) VALUES (7,'Marek','Szymański',23,2,false);
insert into Klient (Id_klient, Imie, Nazwisko, Id_kontakt, Wizyty, Czy_znizka) VALUES (8,'Agnieszka','Lewandowska',21,4,true);
insert into Klient (Id_klient, Imie, Nazwisko, Id_kontakt, Wizyty, Czy_znizka) VALUES (9,'Łukasz','Dąbrowski',19,1,false);
insert into Klient (Id_klient, Imie, Nazwisko, Id_kontakt, Wizyty, Czy_znizka) VALUES (10,'Monika','Kowalczyk',22,3,true);
insert into Klient (Id_klient, Imie, Nazwisko, Id_kontakt, Wizyty, Czy_znizka) values (11, 'Griffin', 'Jouannot', 47, 6, true);
insert into Klient (Id_klient, Imie, Nazwisko, Id_kontakt, Wizyty, Czy_znizka) values (12, 'Ketti', 'Ragless', 45, 6, true);
insert into Klient (Id_klient, Imie, Nazwisko, Id_kontakt, Wizyty, Czy_znizka) values (13, 'Aldo', 'Garroway', 33, 5, true);
insert into Klient (Id_klient, Imie, Nazwisko, Id_kontakt, Wizyty, Czy_znizka) values (14, 'Borg', 'Caltun', 1, 6, false);
insert into Klient (Id_klient, Imie, Nazwisko, Id_kontakt, Wizyty, Czy_znizka) values (15, 'Justinn', 'Heggadon', 22, 2, false);
insert into Klient (Id_klient, Imie, Nazwisko, Id_kontakt, Wizyty, Czy_znizka) values (16, 'Prissie', 'Walrond', 50, 5, true);
insert into Klient (Id_klient, Imie, Nazwisko, Id_kontakt, Wizyty, Czy_znizka) values (17, 'Tomas', 'Elvins', 1, 5, true);
insert into Klient (Id_klient, Imie, Nazwisko, Id_kontakt, Wizyty, Czy_znizka) values (18, 'Sibley', 'Duffield', 7, 4, true);
insert into Klient (Id_klient, Imie, Nazwisko, Id_kontakt, Wizyty, Czy_znizka) values (19, 'Antonius', 'Elston', 3, 1, false);
insert into Klient (Id_klient, Imie, Nazwisko, Id_kontakt, Wizyty, Czy_znizka) values (20, 'Sidonnie', 'Moxstead', 47, 1, false);

-- REZERWACJA
insert into Rezerwacja (Id_rezerwacja, Id_klient, Id_pokoj, Termin, Liczba_uczestnikow, Czy_oplacono) VALUES (1,4,2,'2024-06-01 10:00:00',4,true);
insert into Rezerwacja (Id_rezerwacja, Id_klient, Id_pokoj, Termin, Liczba_uczestnikow, Czy_oplacono) VALUES (2,1,5,'2024-06-02 14:00:00',3,false);
insert into Rezerwacja (Id_rezerwacja, Id_klient, Id_pokoj, Termin, Liczba_uczestnikow, Czy_oplacono) VALUES (3,2,1,'2024-06-03 16:00:00',2,true);
insert into Rezerwacja (Id_rezerwacja, Id_klient, Id_pokoj, Termin, Liczba_uczestnikow, Czy_oplacono) VALUES (4,5,3,'2024-06-04 18:00:00',5,false);
insert into Rezerwacja (Id_rezerwacja, Id_klient, Id_pokoj, Termin, Liczba_uczestnikow, Czy_oplacono) VALUES (5,3,4,'2024-06-05 20:00:00',6,true);
insert into Rezerwacja (Id_rezerwacja, Id_klient, Id_pokoj, Termin, Liczba_uczestnikow, Czy_oplacono) VALUES (6,9,11,'2024-06-06 12:00:00',4,false);
insert into Rezerwacja (Id_rezerwacja, Id_klient, Id_pokoj, Termin, Liczba_uczestnikow, Czy_oplacono) VALUES (7,9,4,'2024-06-07 15:00:00',3,true);
insert into Rezerwacja (Id_rezerwacja, Id_klient, Id_pokoj, Termin, Liczba_uczestnikow, Czy_oplacono) VALUES (8,2,9,'2024-06-08 17:00:00',5,false);
insert into Rezerwacja (Id_rezerwacja, Id_klient, Id_pokoj, Termin, Liczba_uczestnikow, Czy_oplacono) VALUES (9,7,6,'2024-06-09 19:00:00',6,true);
insert into Rezerwacja (Id_rezerwacja, Id_klient, Id_pokoj, Termin, Liczba_uczestnikow, Czy_oplacono) VALUES (10,10,8,'2024-06-10 21:00:00',4,false);

-- SESJA
insert into Sesja (Id_sesja, Id_rezerwacja, Id_pracownik, Czy_ucieknieto, Czas_gry, Liczba_podpowiedzi) VALUES (1,1,4,false,'01:30:00',2);
insert into Sesja (Id_sesja, Id_rezerwacja, Id_pracownik, Czy_ucieknieto, Czas_gry, Liczba_podpowiedzi) VALUES (2,5,5,true,'00:58:00',0);
insert into Sesja (Id_sesja, Id_rezerwacja, Id_pracownik, Czy_ucieknieto, Czas_gry, Liczba_podpowiedzi) VALUES (3,8,6,false,'01:30:00',1);
insert into Sesja (Id_sesja, Id_rezerwacja, Id_pracownik, Czy_ucieknieto, Czas_gry, Liczba_podpowiedzi) VALUES (4,4,7,true,'01:05:00',0);
insert into Sesja (Id_sesja, Id_rezerwacja, Id_pracownik, Czy_ucieknieto, Czas_gry, Liczba_podpowiedzi) VALUES (5,9,8,false,'01:30:00',3);
insert into Sesja (Id_sesja, Id_rezerwacja, Id_pracownik, Czy_ucieknieto, Czas_gry, Liczba_podpowiedzi) VALUES (6,10,9,true,'01:19:00',0);
insert into Sesja (Id_sesja, Id_rezerwacja, Id_pracownik, Czy_ucieknieto, Czas_gry, Liczba_podpowiedzi) VALUES (7,7,10,false,'01:30:00',1);
insert into Sesja (Id_sesja, Id_rezerwacja, Id_pracownik, Czy_ucieknieto, Czas_gry, Liczba_podpowiedzi) VALUES (8,6,1,true,'00:57:00',0);
insert into Sesja (Id_sesja, Id_rezerwacja, Id_pracownik, Czy_ucieknieto, Czas_gry, Liczba_podpowiedzi) VALUES (9,2,2,false,'01:30:00',2);
insert into Sesja (Id_sesja, Id_rezerwacja, Id_pracownik, Czy_ucieknieto, Czas_gry, Liczba_podpowiedzi) VALUES (10,3,3,true,'01:07:00',0);